ts,temp,humidity,pm25,pm10,gas_co,place,lat,lon,temp_tmd,humidity_tmd,rainfall_tmd,lat_tmd,lon_tmd,pm25_aqi,pm10_aqi,lat_aqi,lon_aqi
2026-03-31 00:55:18,26.6,58,13,10,282,inside,13.8463,100.568,32.5,58.0,0.0,13.1617,100.802,63,16,13.8476,100.579
2026-03-31 00:55:35,25.9,45,16,12,277,inside,13.8463,100.568,32.5,58.0,0.0,13.1617,100.802,63,16,13.8476,100.579
2026-03-31 01:05:35,26.8,43,16,12,291,inside,13.8463,100.568,32.5,58.0,0.0,13.1617,100.802,63,16,13.8476,100.579
2026-03-31 01:15:35,27.4,44,15,12,289,inside,13.8463,100.568,32.5,58.0,0.0,13.1617,100.802,63,16,13.8476,100.579
2026-03-31 01:25:36,27.8,47,15,12,304,inside,13.8463,100.568,32.5,58.0,0.0,13.1617,100.802,63,16,13.8476,100.579
2026-03-31 01:35:36,28.0,49,15,12,297,inside,13.8463,100.568,32.5,58.0,0.0,13.1617,100.802,63,16,13.8476,100.579
2026-03-31 01:45:37,26.8,53,15,12,272,inside,13.8463,100.568,32.5,58.0,0.0,13.1617,100.802,63,16,13.8476,100.579
2026-03-31 02:25:37,26.0,48,14,9,275,inside,13.8463,100.568,32.5,58.0,0.0,13.1617,100.802,63,16,13.8476,100.579
2026-03-31 02:35:37,26.2,48,12,9,267,inside,13.8463,100.568,32.5,58.0,0.0,13.1617,100.802,63,16,13.8476,100.579
2026-03-31 02:45:38,26.1,49,12,9,273,inside,13.8463,100.568,32.5,58.0,0.0,13.1617,100.802,63,16,13.8476,100.579
2026-03-31 02:55:38,26.3,50,13,9,279,inside,13.8463,100.568,32.5,58.0,0.0,13.1617,100.802,63,16,13.8476,100.579
2026-03-31 03:05:38,26.3,50,13,9,273,inside,13.8463,100.568,32.5,58.0,0.0,13.1617,100.802,59,15,13.8476,100.579
2026-03-31 03:15:39,26.2,51,11,9,278,inside,13.8463,100.568,32.5,58.0,0.0,13.1617,100.802,59,15,13.8476,100.579
2026-03-31 03:25:39,26.0,54,11,9,285,inside,13.8463,100.568,32.5,58.0,0.0,13.1617,100.802,59,15,13.8476,100.579
2026-03-31 03:35:39,26.0,54,11,9,274,inside,13.8463,100.568,32.5,58.0,0.0,13.1617,100.802,59,15,13.8476,100.579
2026-03-31 04:15:40,26.0,55,10,8,272,inside,13.8463,100.568,32.5,58.0,0.0,13.1617,100.802,59,15,13.8476,100.579
2026-03-31 04:25:40,26.0,56,10,8,278,inside,13.8463,100.568,32.5,58.0,0.0,13.1617,100.802,59,15,13.8476,100.579
2026-03-31 04:35:41,25.6,54,9,7,267,inside,13.8463,100.568,32.5,58.0,0.0,13.1617,100.802,59,15,13.8476,100.579
2026-03-31 04:45:41,26.0,51,9,7,274,inside,13.8463,100.568,32.5,58.0,0.0,13.1617,100.802,59,15,13.8476,100.579
2026-03-31 04:55:41,26.2,54,9,8,285,inside,13.8463,100.568,32.5,58.0,0.0,13.1617,100.802,59,15,13.8476,100.579
2026-03-31 05:05:42,26.0,57,9,8,284,inside,13.8463,100.568,32.5,58.0,0.0,13.1617,100.802,59,15,13.8476,100.579
2026-03-31 05:15:42,25.9,56,10,8,272,inside,13.8463,100.568,32.5,58.0,0.0,13.1617,100.802,59,15,13.8476,100.579
2026-03-31 05:25:43,26.0,55,10,8,279,inside,13.8463,100.568,32.5,58.0,0.0,13.1617,100.802,59,15,13.8476,100.579
2026-03-31 05:55:44,26.2,57,10,9,274,inside,13.8463,100.568,32.5,58.0,0.0,13.1617,100.802,67,19,13.8476,100.579
2026-03-31 06:05:44,26.2,58,10,8,272,inside,13.8463,100.568,32.5,58.0,0.0,13.1617,100.802,67,19,13.8476,100.579
2026-03-31 06:15:43,26.2,59,10,8,280,inside,13.8463,100.568,32.5,58.0,0.0,13.1617,100.802,67,19,13.8476,100.579
2026-03-31 06:25:44,26.4,59,10,8,279,inside,13.8463,100.568,32.5,58.0,0.0,13.1617,100.802,67,19,13.8476,100.579
2026-03-31 06:35:44,26.0,58,10,8,270,inside,13.8463,100.568,32.5,58.0,0.0,13.1617,100.802,67,19,13.8476,100.579
2026-03-31 06:45:44,25.7,55,10,9,258,inside,13.8463,100.568,32.5,58.0,0.0,13.1617,100.802,67,19,13.8476,100.579
2026-03-31 06:55:45,25.9,54,10,9,272,inside,13.8463,100.568,32.5,58.0,0.0,13.1617,100.802,67,19,13.8476,100.579
2026-03-31 07:05:45,26.1,56,10,9,266,inside,13.8463,100.568,32.5,58.0,0.0,13.1617,100.802,67,19,13.8476,100.579
2026-03-31 08:15:48,26.1,60,14,10,272,inside,13.8463,100.568,32.5,58.0,0.0,13.1617,100.802,67,19,13.8476,100.579
2026-03-31 08:25:47,26.1,60,14,10,278,inside,13.8463,100.568,32.5,58.0,0.0,13.1617,100.802,67,19,13.8476,100.579
2026-03-31 08:35:47,26.0,59,14,10,266,inside,13.8463,100.568,32.5,58.0,0.0,13.1617,100.802,84,26,13.8476,100.579
2026-03-31 08:45:48,25.8,57,13,10,263,inside,13.8463,100.568,32.5,58.0,0.0,13.1617,100.802,84,26,13.8476,100.579
2026-03-31 08:55:48,25.9,54,13,10,259,inside,13.8463,100.568,32.5,58.0,0.0,13.1617,100.802,84,26,13.8476,100.579
2026-03-31 09:05:48,26.5,56,13,10,298,inside,13.8463,100.568,32.5,58.0,0.0,13.1617,100.802,84,26,13.8476,100.579
2026-03-31 09:15:49,27.0,59,13,11,275,inside,13.8463,100.568,32.5,58.0,0.0,13.1617,100.802,84,26,13.8476,100.579
2026-03-31 09:25:49,27.2,58,13,11,318,inside,13.8463,100.568,32.5,58.0,0.0,13.1617,100.802,84,26,13.8476,100.579
2026-03-31 09:47:38,29.5,61,22,14,297,outdoor,13.8463,100.568,32.5,58.0,0.0,13.1617,100.802,84,26,13.8476,100.579
2026-03-31 09:57:55,31.0,58,16,13,278,outdoor,13.8463,100.568,32.5,58.0,0.0,13.1617,100.802,84,26,13.8476,100.579
2026-03-31 10:07:56,31.2,60,16,13,277,outdoor,13.8463,100.568,32.5,58.0,0.0,13.1617,100.802,84,26,13.8476,100.579
2026-03-31 10:17:56,31.5,59,17,13,271,outdoor,13.8463,100.568,32.5,58.0,0.0,13.1617,100.802,84,26,13.8476,100.579
2026-03-31 10:27:57,31.9,58,17,13,271,outdoor,13.8463,100.568,32.5,58.0,0.0,13.1617,100.802,84,26,13.8476,100.579
2026-03-31 10:37:57,31.9,59,17,14,271,outdoor,13.8463,100.568,32.5,58.0,0.0,13.1617,100.802,84,26,13.8476,100.579
2026-03-31 10:47:57,32.3,56,17,14,266,outdoor,13.8463,100.568,32.5,58.0,0.0,13.1617,100.802,84,26,13.8476,100.579
2026-03-31 10:57:58,32.1,56,17,15,272,outdoor,13.8463,100.568,32.5,58.0,0.0,13.1617,100.802,84,26,13.8476,100.579
2026-03-31 11:07:58,32.7,56,17,15,250,outdoor,13.8463,100.568,32.5,58.0,0.0,13.1617,100.802,84,26,13.8476,100.579
2026-03-31 11:37:58,32.6,50,30,22,262,outdoor,13.8463,100.568,32.5,58.0,0.0,13.1617,100.802,93,32,13.8476,100.579
2026-03-31 11:47:58,32.4,52,31,23,256,outdoor,13.8463,100.568,32.5,58.0,0.0,13.1617,100.802,93,32,13.8476,100.579
2026-03-31 11:57:59,32.5,53,31,23,260,outdoor,13.8463,100.568,32.5,58.0,0.0,13.1617,100.802,93,32,13.8476,100.579
2026-03-31 12:07:59,32.6,51,31,22,255,outdoor,13.8463,100.568,32.5,58.0,0.0,13.1617,100.802,93,32,13.8476,100.579
2026-03-31 12:17:59,32.6,53,31,22,261,outdoor,13.8463,100.568,32.5,58.0,0.0,13.1617,100.802,93,32,13.8476,100.579
2026-03-31 12:28:00,32.7,53,31,22,259,outdoor,13.8463,100.568,32.5,58.0,0.0,13.1617,100.802,93,32,13.8476,100.579
2026-03-31 12:38:00,33.1,51,31,22,253,outdoor,13.8463,100.568,32.5,58.0,0.0,13.1617,100.802,95,32,13.8476,100.579
2026-03-31 12:48:00,33.0,51,31,22,245,outdoor,13.8463,100.568,32.5,58.0,0.0,13.1617,100.802,95,32,13.8476,100.579
2026-03-31 13:18:02,32.9,50,34,23,253,outdoor,13.8463,100.568,32.5,58.0,0.0,13.1617,100.802,95,32,13.8476,100.579
2026-03-31 13:28:01,33.0,48,34,23,256,outdoor,13.8463,100.568,32.5,58.0,0.0,13.1617,100.802,95,32,13.8476,100.579
2026-03-31 13:38:01,33.0,49,33,23,245,outdoor,13.8463,100.568,32.5,58.0,0.0,13.1617,100.802,95,32,13.8476,100.579
2026-03-31 13:48:02,33.1,46,34,23,252,outdoor,13.8463,100.568,32.5,58.0,0.0,13.1617,100.802,95,32,13.8476,100.579
2026-03-31 13:58:02,33.3,48,34,23,240,outdoor,13.8463,100.568,32.5,58.0,0.0,13.1617,100.802,95,32,13.8476,100.579
2026-03-31 14:08:02,32.8,48,34,23,244,outdoor,13.8463,100.568,32.5,58.0,0.0,13.1617,100.802,95,32,13.8476,100.579
2026-03-31 14:18:03,32.8,47,34,23,246,outdoor,13.8463,100.568,32.5,58.0,0.0,13.1617,100.802,95,32,13.8476,100.579
2026-03-31 14:28:03,33.0,48,33,22,242,outdoor,13.8463,100.568,32.5,58.0,0.0,13.1617,100.802,95,32,13.8476,100.579
2026-03-31 15:38:05,32.7,45,27,18,238,outdoor,13.8463,100.568,32.3,53.0,0.0,13.9192,100.605,80,24,13.8476,100.579
2026-03-31 15:48:05,32.7,45,27,18,243,outdoor,13.8463,100.568,32.3,53.0,0.0,13.9192,100.605,80,24,13.8476,100.579
2026-03-31 15:58:05,32.7,45,27,18,238,outdoor,13.8463,100.568,32.3,53.0,0.0,13.9192,100.605,80,24,13.8476,100.579
2026-03-31 16:08:06,32.7,44,28,19,227,outdoor,13.8463,100.568,32.3,53.0,0.0,13.9192,100.605,80,24,13.8476,100.579
2026-03-31 16:18:06,32.6,42,28,19,230,outdoor,13.8463,100.568,32.3,53.0,0.0,13.9192,100.605,80,24,13.8476,100.579
2026-03-31 16:28:06,32.5,42,28,19,235,outdoor,13.8463,100.568,32.3,53.0,0.0,13.9192,100.605,80,24,13.8476,100.579
2026-03-31 16:38:07,32.6,42,28,19,231,outdoor,13.8463,100.568,32.3,53.0,0.0,13.9192,100.605,76,23,13.8476,100.579
2026-03-31 16:48:07,32.3,41,27,18,230,outdoor,13.8463,100.568,32.3,53.0,0.0,13.9192,100.605,76,23,13.8476,100.579
2026-03-31 17:18:08,32.4,42,26,20,229,outdoor,13.8463,100.568,32.3,53.0,0.0,13.9192,100.605,76,23,13.8476,100.579
2026-03-31 17:28:08,32.0,41,26,20,231,outdoor,13.8463,100.568,32.3,53.0,0.0,13.9192,100.605,76,23,13.8476,100.579
2026-03-31 17:38:08,31.9,43,26,21,235,outdoor,13.8463,100.568,32.3,53.0,0.0,13.9192,100.605,76,23,13.8476,100.579
2026-03-31 17:48:08,32.0,44,26,21,224,outdoor,13.8463,100.568,32.3,53.0,0.0,13.9192,100.605,76,23,13.8476,100.579
2026-03-31 17:58:09,32.0,44,25,20,237,outdoor,13.8463,100.568,32.3,53.0,0.0,13.9192,100.605,76,23,13.8476,100.579
2026-03-31 18:08:09,32.0,45,25,20,240,outdoor,13.8463,100.568,32.3,53.0,0.0,13.9192,100.605,80,25,13.8476,100.579
2026-03-31 18:18:09,31.5,47,24,20,240,outdoor,13.8463,100.568,32.3,53.0,0.0,13.9192,100.605,80,25,13.8476,100.579
2026-03-31 18:28:10,31.4,49,24,20,242,outdoor,13.8463,100.568,32.3,53.0,0.0,13.9192,100.605,80,25,13.8476,100.579
2026-03-31 19:08:11,31.0,56,32,23,247,outdoor,13.8463,100.568,32.3,53.0,0.0,13.9192,100.605,80,25,13.8476,100.579
2026-03-31 19:18:12,30.9,56,32,23,256,outdoor,13.8463,100.568,32.3,53.0,0.0,13.9192,100.605,80,25,13.8476,100.579
2026-03-31 19:28:12,30.7,58,32,23,240,outdoor,13.8463,100.568,32.3,53.0,0.0,13.9192,100.605,80,25,13.8476,100.579
2026-03-31 19:38:11,30.5,59,32,23,255,outdoor,13.8463,100.568,32.3,53.0,0.0,13.9192,100.605,80,24,13.8476,100.579
2026-03-31 19:48:12,30.6,57,32,23,246,outdoor,13.8463,100.568,32.3,53.0,0.0,13.9192,100.605,80,24,13.8476,100.579
2026-03-31 19:58:12,29.8,57,32,23,242,outdoor,13.8463,100.568,32.3,53.0,0.0,13.9192,100.605,80,24,13.8476,100.579
2026-03-31 20:08:12,27.9,60,32,22,221,outdoor,13.8463,100.568,32.3,53.0,0.0,13.9192,100.605,80,24,13.8476,100.579
2026-03-31 20:18:13,27.0,54,33,22,217,outdoor,13.8463,100.568,32.3,53.0,0.0,13.9192,100.605,80,24,13.8476,100.579
2026-03-31 23:06:33,28.0,52,21,15,278,inside,13.8463,100.568,28.7,80.0,0.0,13.4893,99.7924,78,24,13.8476,100.579
2026-03-31 23:16:34,26.6,54,21,15,258,inside,13.8463,100.568,28.7,80.0,0.0,13.4893,99.7924,78,24,13.8476,100.579
2026-03-31 23:26:34,26.6,47,22,15,251,inside,13.8463,100.568,28.7,80.0,0.0,13.4893,99.7924,78,24,13.8476,100.579
2026-03-31 23:36:34,25.9,45,22,15,245,inside,13.8463,100.568,27.0,89.0,0.0,13.4893,99.7924,78,24,13.8476,100.579
2026-03-31 23:46:35,25.9,45,22,15,253,inside,13.8463,100.568,27.0,89.0,0.0,13.4893,99.7924,78,24,13.8476,100.579
2026-03-31 23:56:35,26.0,46,22,15,245,inside,13.8463,100.568,27.0,89.0,0.0,13.4893,99.7924,78,24,13.8476,100.579
2026-04-01 00:06:35,25.9,47,22,15,242,inside,13.8463,100.568,27.0,89.0,0.0,13.4893,99.7924,76,23,13.8476,100.579
2026-04-01 00:16:36,26.1,47,22,15,240,inside,13.8463,100.568,27.0,89.0,0.0,13.4893,99.7924,76,23,13.8476,100.579
2026-04-01 00:46:37,24.5,44,18,14,234,inside,13.8463,100.568,27.0,89.0,0.0,13.4893,99.7924,76,23,13.8476,100.579
2026-04-01 00:56:37,25.6,43,18,14,245,inside,13.8463,100.568,27.0,89.0,0.0,13.4893,99.7924,76,23,13.8476,100.579
2026-04-01 01:06:37,26.2,49,18,14,247,inside,13.8463,100.568,27.0,89.0,0.0,13.4893,99.7924,76,23,13.8476,100.579
2026-04-01 01:16:37,26.4,52,21,15,257,inside,13.8463,100.568,27.0,89.0,0.0,13.4893,99.7924,76,23,13.8476,100.579
2026-04-01 01:26:37,26.6,53,20,14,272,inside,13.8463,100.568,27.0,89.0,0.0,13.4893,99.7924,76,23,13.8476,100.579
2026-04-01 01:36:38,26.6,56,21,14,256,inside,13.8463,100.568,27.0,89.0,0.0,13.4893,99.7924,76,23,13.8476,100.579
2026-04-01 01:46:38,26.6,57,21,14,259,inside,13.8463,100.568,27.0,89.0,0.0,13.4893,99.7924,76,23,13.8476,100.579
2026-04-01 01:56:38,26.4,58,20,14,246,inside,13.8463,100.568,27.0,89.0,0.0,13.4893,99.7924,76,23,13.8476,100.579
2026-04-01 02:36:40,26.6,60,25,17,256,inside,13.8463,100.568,28.0,82.0,0.0,12.735,101.135,80,24,13.8476,100.579
2026-04-01 02:46:40,27.0,59,25,17,251,inside,13.8463,100.568,28.0,82.0,0.0,12.735,101.135,80,24,13.8476,100.579
2026-04-01 02:56:40,26.7,60,25,17,247,inside,13.8463,100.568,28.0,82.0,0.0,12.735,101.135,80,24,13.8476,100.579
2026-04-01 03:06:41,26.7,60,25,17,256,inside,13.8463,100.568,28.0,82.0,0.0,12.735,101.135,80,24,13.8476,100.579
2026-04-01 03:16:41,26.7,60,25,17,250,inside,13.8463,100.568,28.0,82.0,0.0,12.735,101.135,80,24,13.8476,100.579
2026-04-01 03:26:40,26.7,60,24,17,245,inside,13.8463,100.568,28.0,82.0,0.0,12.735,101.135,80,24,13.8476,100.579
2026-04-01 03:36:41,26.7,61,24,17,240,inside,13.8463,100.568,28.0,82.0,0.0,12.735,101.135,80,24,13.8476,100.579
2026-04-01 03:46:41,26.6,61,24,17,245,inside,13.8463,100.568,28.0,82.0,0.0,12.735,101.135,80,24,13.8476,100.579
2026-04-01 04:26:43,26.3,59,25,17,247,inside,13.8463,100.568,28.0,82.0,0.0,12.735,101.135,80,24,13.8476,100.579
2026-04-01 04:36:43,26.6,60,25,17,254,inside,13.8463,100.568,28.0,82.0,0.0,12.735,101.135,88,28,13.8476,100.579
2026-04-01 04:46:43,26.6,60,25,17,246,inside,13.8463,100.568,28.0,82.0,0.0,12.735,101.135,88,28,13.8476,100.579
2026-04-01 04:56:44,26.5,59,25,16,252,inside,13.8463,100.568,28.0,82.0,0.0,12.735,101.135,88,28,13.8476,100.579
2026-04-01 05:06:44,26.5,60,25,16,258,inside,13.8463,100.568,28.0,82.0,0.0,12.735,101.135,88,28,13.8476,100.579
2026-04-01 05:16:44,26.7,60,25,16,247,inside,13.8463,100.568,28.0,82.0,0.0,12.735,101.135,88,28,13.8476,100.579
2026-04-01 05:26:45,26.4,60,25,16,256,inside,13.8463,100.568,28.0,82.0,0.0,12.735,101.135,88,28,13.8476,100.579
2026-04-01 05:36:45,26.4,60,25,16,258,inside,13.8463,100.568,28.3,90.0,0.0,13.7069,100.568,88,28,13.8476,100.579
2026-04-01 06:06:45,26.3,61,22,15,260,inside,13.8463,100.568,28.3,90.0,0.0,13.7069,100.568,88,28,13.8476,100.579
2026-04-01 06:16:45,26.4,61,22,16,256,inside,13.8463,100.568,28.3,90.0,0.0,13.7069,100.568,88,28,13.8476,100.579
2026-04-01 06:26:46,26.5,60,22,16,253,inside,13.8463,100.568,28.3,90.0,0.0,13.7069,100.568,88,28,13.8476,100.579
2026-04-01 06:36:46,26.3,60,20,15,264,inside,13.8463,100.568,28.3,90.0,0.0,13.7069,100.568,90,30,13.8476,100.579
2026-04-01 06:46:46,26.2,60,20,15,255,inside,13.8463,100.568,28.3,90.0,0.0,13.7069,100.568,90,30,13.8476,100.579
2026-04-01 06:56:47,26.4,60,21,16,255,inside,13.8463,100.568,28.3,90.0,0.0,13.7069,100.568,90,30,13.8476,100.579
2026-04-01 07:06:47,27.1,60,22,16,268,inside,13.8463,100.568,28.3,90.0,0.0,13.7069,100.568,90,30,13.8476,100.579
2026-04-01 07:16:48,27.5,64,22,16,304,inside,13.8463,100.568,28.3,90.0,0.0,13.7069,100.568,90,30,13.8476,100.579
2026-04-01 07:46:48,29.8,71,33,22,266,outdoor,13.8463,100.568,28.3,90.0,0.0,13.7069,100.568,90,30,13.8476,100.579
2026-04-01 07:56:48,29.9,73,33,21,265,outdoor,13.8463,100.568,28.3,90.0,0.0,13.7069,100.568,90,30,13.8476,100.579
2026-04-01 08:06:49,30.0,72,32,21,267,outdoor,13.8463,100.568,28.3,90.0,0.0,13.7069,100.568,90,30,13.8476,100.579
2026-04-01 08:16:49,30.0,72,29,21,257,outdoor,13.8463,100.568,28.3,90.0,0.0,13.7069,100.568,90,30,13.8476,100.579
2026-04-01 08:26:49,30.3,71,30,21,259,outdoor,13.8463,100.568,28.3,90.0,0.0,13.7069,100.568,90,30,13.8476,100.579
2026-04-01 08:36:50,30.1,70,31,21,262,outdoor,13.8463,100.568,33.4,68.0,0.0,13.7069,100.568,90,30,13.8476,100.579
2026-04-01 08:46:50,30.3,71,31,21,247,outdoor,13.8463,100.568,33.4,68.0,0.0,13.7069,100.568,90,30,13.8476,100.579
2026-04-01 08:56:50,30.2,70,31,21,250,outdoor,13.8463,100.568,33.4,68.0,0.0,13.7069,100.568,90,30,13.8476,100.579
2026-04-01 11:56:55,32.7,57,48,31,234,outdoor,13.8463,100.568,35.0,61.0,0.0,13.7069,100.568,121,47,13.8476,100.579
2026-04-01 12:06:56,32.4,55,49,32,229,outdoor,13.8463,100.568,35.0,61.0,0.0,13.7069,100.568,121,47,13.8476,100.579
2026-04-01 12:16:56,32.8,55,50,32,235,outdoor,13.8463,100.568,35.0,61.0,0.0,13.7069,100.568,121,47,13.8476,100.579
2026-04-01 12:26:56,32.6,54,50,32,208,outdoor,13.8463,100.568,35.0,61.0,0.0,13.7069,100.568,121,47,13.8476,100.579
2026-04-01 12:36:56,32.8,53,50,32,230,outdoor,13.8463,100.568,35.0,61.0,0.0,13.7069,100.568,119,47,13.8476,100.579
2026-04-01 12:46:57,32.9,54,49,32,240,outdoor,13.8463,100.568,35.0,61.0,0.0,13.7069,100.568,119,47,13.8476,100.579
2026-04-01 12:56:57,32.8,54,49,32,232,outdoor,13.8463,100.568,35.0,61.0,0.0,13.7069,100.568,119,47,13.8476,100.579
2026-04-01 13:06:57,33.1,53,49,32,239,outdoor,13.8463,100.568,35.0,61.0,0.0,13.7069,100.568,119,47,13.8476,100.579
2026-04-01 14:27:00,32.4,50,34,23,225,outdoor,13.8463,100.568,35.0,61.0,0.0,13.7069,100.568,111,43,13.8476,100.579
2026-04-01 14:37:00,33.0,50,34,23,225,outdoor,13.8463,100.568,35.2,56.0,0.0,13.7069,100.568,97,35,13.8476,100.579
2026-04-01 14:47:00,32.3,49,34,24,228,outdoor,13.8463,100.568,35.2,56.0,0.0,13.7069,100.568,97,35,13.8476,100.579
2026-04-01 14:57:01,32.7,50,34,24,222,outdoor,13.8463,100.568,35.2,56.0,0.0,13.7069,100.568,97,35,13.8476,100.579
2026-04-01 15:07:01,33.7,50,34,24,223,outdoor,13.8463,100.568,35.2,56.0,0.0,13.7069,100.568,97,35,13.8476,100.579
2026-04-01 15:17:01,32.8,45,34,24,233,outdoor,13.8463,100.568,35.2,56.0,0.0,13.7069,100.568,97,35,13.8476,100.579
2026-04-01 15:27:02,32.1,49,34,24,227,outdoor,13.8463,100.568,35.2,56.0,0.0,13.7069,100.568,97,35,13.8476,100.579
2026-04-01 15:37:01,32.1,47,34,24,230,outdoor,13.8463,100.568,35.2,56.0,0.0,13.7069,100.568,97,34,13.8476,100.579
2026-04-01 16:37:03,33.1,45,34,24,206,outdoor,13.8463,100.568,35.2,56.0,0.0,13.7069,100.568,97,35,13.8476,100.579
2026-04-01 16:47:03,32.0,43,34,24,218,outdoor,13.8463,100.568,35.2,56.0,0.0,13.7069,100.568,97,35,13.8476,100.579
2026-04-01 16:57:03,31.8,44,34,24,215,outdoor,13.8463,100.568,35.2,56.0,0.0,13.7069,100.568,97,35,13.8476,100.579
2026-04-01 17:07:04,32.1,48,34,24,222,outdoor,13.8463,100.568,35.2,56.0,0.0,13.7069,100.568,97,35,13.8476,100.579
2026-04-01 17:17:04,32.0,47,35,24,225,outdoor,13.8463,100.568,35.2,56.0,0.0,13.7069,100.568,97,35,13.8476,100.579
2026-04-01 17:27:04,32.3,49,35,24,230,outdoor,13.8463,100.568,35.2,56.0,0.0,13.7069,100.568,97,35,13.8476,100.579
2026-04-01 17:37:05,32.5,52,34,25,221,outdoor,13.8463,100.568,30.8,73.0,0.0,13.7069,100.568,101,37,13.8476,100.579
2026-04-01 17:47:05,32.3,51,34,25,238,outdoor,13.8463,100.568,30.8,73.0,0.0,13.7069,100.568,101,37,13.8476,100.579
2026-04-01 18:27:06,32.0,56,34,25,240,outdoor,13.8463,100.568,30.8,73.0,0.0,13.7069,100.568,101,37,13.8476,100.579
2026-04-01 18:37:06,31.7,57,34,25,238,outdoor,13.8463,100.568,30.8,73.0,0.0,13.7069,100.568,95,33,13.8476,100.579
2026-04-01 18:47:07,32.0,54,34,25,240,outdoor,13.8463,100.568,30.8,73.0,0.0,13.7069,100.568,95,33,13.8476,100.579
2026-04-01 18:57:07,32.0,57,34,25,241,outdoor,13.8463,100.568,30.8,73.0,0.0,13.7069,100.568,95,33,13.8476,100.579
2026-04-01 19:07:07,31.8,58,34,25,240,outdoor,13.8463,100.568,30.8,73.0,0.0,13.7069,100.568,95,33,13.8476,100.579
2026-04-01 19:17:08,31.5,59,34,25,238,outdoor,13.8463,100.568,30.8,73.0,0.0,13.7069,100.568,95,33,13.8476,100.579
2026-04-01 19:27:08,31.9,59,34,25,240,outdoor,13.8463,100.568,30.8,73.0,0.0,13.7069,100.568,95,33,13.8476,100.579
2026-04-01 19:37:08,28.0,59,34,25,223,outdoor,13.8463,100.568,30.8,73.0,0.0,13.7069,100.568,95,33,13.8476,100.579
2026-04-02 19:16:53,26.5,51,18,13,208,inside,13.8463,100.568,30.0,75.0,0.0,13.7069,100.568,80,24,13.8476,100.579
2026-04-02 19:26:53,27.0,49,17,14,218,inside,13.8463,100.568,30.0,75.0,0.0,13.7069,100.568,80,24,13.8476,100.579
2026-04-02 19:36:53,27.4,51,21,16,228,inside,13.8463,100.568,30.0,75.0,0.0,13.7069,100.568,71,21,13.8476,100.579
2026-04-02 19:46:54,27.8,52,21,16,224,inside,13.8463,100.568,30.0,75.0,0.0,13.7069,100.568,71,21,13.8476,100.579
2026-04-02 19:56:54,28.4,54,21,16,225,inside,13.8463,100.568,30.0,75.0,0.0,13.7069,100.568,71,21,13.8476,100.579
2026-04-02 20:06:54,28.6,55,21,16,229,inside,13.8463,100.568,30.0,75.0,0.0,13.7069,100.568,71,21,13.8476,100.579
2026-04-02 20:16:55,27.3,55,18,15,214,inside,13.8463,100.568,30.0,75.0,0.0,13.7069,100.568,71,21,13.8476,100.579
2026-04-02 20:26:55,26.6,50,18,16,212,inside,13.8463,100.568,30.0,75.0,0.0,13.7069,100.568,71,21,13.8476,100.579
2026-04-02 21:06:55,26.0,49,16,12,209,inside,13.8463,100.568,29.5,80.0,0.0,13.7264,100.56,69,19,13.8476,100.579
2026-04-02 21:16:56,27.0,50,16,12,224,inside,13.8463,100.568,29.5,80.0,0.0,13.7264,100.56,69,19,13.8476,100.579
2026-04-02 21:26:56,26.5,53,17,12,211,inside,13.8463,100.568,29.5,80.0,0.0,13.7264,100.56,69,19,13.8476,100.579
2026-04-02 21:36:56,26.4,52,17,12,222,inside,13.8463,100.568,29.5,80.0,0.0,13.7264,100.56,65,17,13.8476,100.579
2026-04-02 21:46:57,26.5,53,17,12,222,inside,13.8463,100.568,29.5,80.0,0.0,13.7264,100.56,65,17,13.8476,100.579
2026-04-02 21:56:57,26.3,53,17,12,222,inside,13.8463,100.568,29.5,80.0,0.0,13.7264,100.56,65,17,13.8476,100.579
2026-04-02 22:06:57,26.0,52,17,12,222,inside,13.8463,100.568,29.5,80.0,0.0,13.7264,100.56,65,17,13.8476,100.579
2026-04-02 22:16:58,26.0,52,17,12,221,inside,13.8463,100.568,29.5,80.0,0.0,13.7264,100.56,65,17,13.8476,100.579
2026-04-02 22:36:58,26.1,52,15,11,236,inside,13.8463,100.568,29.5,80.0,0.0,13.7264,100.56,63,16,13.8476,100.579
2026-04-02 22:46:59,26.1,51,15,11,252,inside,13.8463,100.568,29.5,80.0,0.0,13.7264,100.56,63,16,13.8476,100.579
2026-04-02 22:56:58,26.5,50,16,11,258,inside,13.8463,100.568,29.5,80.0,0.0,13.7264,100.56,63,16,13.8476,100.579
2026-04-02 23:06:59,26.3,54,16,11,276,inside,13.8463,100.568,29.5,80.0,0.0,13.7264,100.56,63,16,13.8476,100.579
2026-04-02 23:16:59,26.5,57,16,11,275,inside,13.8463,100.568,29.5,80.0,0.0,13.7264,100.56,63,16,13.8476,100.579
2026-04-02 23:26:59,27.1,58,16,11,276,inside,13.8463,100.568,29.5,80.0,0.0,13.7264,100.56,63,16,13.8476,100.579
2026-04-02 23:37:00,26.3,57,16,11,277,inside,13.8463,100.568,29.4,79.0,0.0,13.7264,100.56,65,17,13.8476,100.579
2026-04-02 23:47:00,26.1,57,16,11,272,inside,13.8463,100.568,29.4,79.0,0.0,13.7264,100.56,65,17,13.8476,100.579
2026-04-03 01:17:02,26.6,59,17,12,256,inside,13.8463,100.568,29.4,79.0,0.0,13.7264,100.56,67,19,13.8476,100.579
2026-04-03 01:27:02,26.0,57,17,12,283,inside,13.8463,100.568,29.4,79.0,0.0,13.7264,100.56,67,19,13.8476,100.579
2026-04-03 01:37:03,26.0,51,17,12,291,inside,13.8463,100.568,29.4,79.0,0.0,13.7264,100.56,65,18,13.8476,100.579
2026-04-03 01:47:03,26.2,56,17,12,289,inside,13.8463,100.568,29.4,79.0,0.0,13.7264,100.56,65,18,13.8476,100.579
2026-04-03 01:57:03,26.4,57,16,12,289,inside,13.8463,100.568,29.4,79.0,0.0,13.7264,100.56,65,18,13.8476,100.579
2026-04-03 02:07:04,26.4,57,16,12,285,inside,13.8463,100.568,29.4,79.0,0.0,13.7264,100.56,65,18,13.8476,100.579
2026-04-03 02:17:04,26.5,57,16,12,278,inside,13.8463,100.568,29.4,79.0,0.0,13.7264,100.56,65,18,13.8476,100.579
2026-04-03 02:27:05,26.3,58,16,12,281,inside,13.8463,100.568,29.4,79.0,0.0,13.7264,100.56,65,18,13.8476,100.579
2026-04-06 21:55:25,28.9,56,35,24,159,inside,13.8463,100.568,30.4,71.0,0.0,13.7264,100.56,99,35,13.8476,100.579
2026-04-06 22:05:26,28.0,50,35,24,146,inside,13.8463,100.568,30.4,71.0,0.0,13.7264,100.56,99,35,13.8476,100.579
2026-04-06 22:15:25,27.4,46,38,25,141,inside,13.8463,100.568,30.4,71.0,0.0,13.7264,100.56,99,35,13.8476,100.579
2026-04-06 22:25:26,27.0,43,39,26,141,inside,13.8463,100.568,30.4,71.0,0.0,13.7264,100.56,99,35,13.8476,100.579
2026-04-06 22:35:26,27.0,42,40,26,143,inside,13.8463,100.568,30.4,71.0,0.0,13.7264,100.56,97,35,13.8476,100.579
2026-04-06 22:45:26,26.9,41,39,26,138,inside,13.8463,100.568,30.4,71.0,0.0,13.7264,100.56,97,35,13.8476,100.579
2026-04-06 22:55:27,26.0,40,38,25,142,inside,13.8463,100.568,30.4,71.0,0.0,13.7264,100.56,97,35,13.8476,100.579
2026-04-06 23:05:27,26.2,41,39,25,139,inside,13.8463,100.568,30.4,71.0,0.0,13.7264,100.56,97,35,13.8476,100.579
2026-04-06 23:35:28,28.9,45,34,23,176,inside,13.8463,100.568,25.3,84.0,0.0,13.9192,100.605,97,34,13.8476,100.579
2026-04-06 23:45:28,29.2,47,34,23,192,inside,13.8463,100.568,25.3,84.0,0.0,13.9192,100.605,97,34,13.8476,100.579
2026-04-06 23:55:29,29.2,49,34,24,201,inside,13.8463,100.568,25.3,84.0,0.0,13.9192,100.605,97,34,13.8476,100.579
2026-04-07 00:05:29,27.8,52,34,24,187,inside,13.8463,100.568,25.3,84.0,0.0,13.9192,100.605,97,34,13.8476,100.579
2026-04-07 00:15:29,26.6,46,35,24,176,inside,13.8463,100.568,25.3,84.0,0.0,13.9192,100.605,97,34,13.8476,100.579
2026-04-07 00:25:30,27.1,42,35,24,179,inside,13.8463,100.568,25.3,84.0,0.0,13.9192,100.605,97,34,13.8476,100.579
2026-04-07 00:35:29,26.8,45,34,23,186,inside,13.8463,100.568,25.3,84.0,0.0,13.9192,100.605,97,34,13.8476,100.579
2026-04-07 00:45:29,26.8,45,34,23,180,inside,13.8463,100.568,25.3,84.0,0.0,13.9192,100.605,97,34,13.8476,100.579
2026-04-07 01:25:31,26.3,47,31,21,205,inside,13.8463,100.568,25.3,84.0,0.0,13.9192,100.605,97,34,13.8476,100.579
2026-04-07 01:35:31,26.3,45,31,22,210,inside,13.8463,100.568,25.3,84.0,0.0,13.9192,100.605,93,31,13.8476,100.579
2026-04-07 01:45:32,26.0,48,30,21,199,inside,13.8463,100.568,25.3,84.0,0.0,13.9192,100.605,93,31,13.8476,100.579
2026-04-07 01:55:32,26.6,45,31,22,201,inside,13.8463,100.568,25.3,84.0,0.0,13.9192,100.605,93,31,13.8476,100.579
2026-04-07 02:05:32,26.7,46,31,22,201,inside,13.8463,100.568,25.3,84.0,0.0,13.9192,100.605,93,31,13.8476,100.579
2026-04-07 02:15:33,26.5,48,32,22,197,inside,13.8463,100.568,25.3,84.0,0.0,13.9192,100.605,93,31,13.8476,100.579
2026-04-07 02:25:33,26.0,49,32,22,185,inside,13.8463,100.568,25.3,84.0,0.0,13.9192,100.605,93,31,13.8476,100.579
2026-04-07 02:35:33,26.5,46,30,21,180,inside,13.8463,100.568,28.9,73.0,0.0,13.9192,100.605,93,32,13.8476,100.579
2026-04-07 03:35:34,26.2,48,29,21,192,inside,13.8463,100.568,28.9,73.0,0.0,13.9192,100.605,93,32,13.8476,100.579
2026-04-07 03:45:35,26.5,49,29,21,188,inside,13.8463,100.568,28.9,73.0,0.0,13.9192,100.605,93,32,13.8476,100.579
2026-04-07 03:55:35,26.1,52,29,21,187,inside,13.8463,100.568,28.9,73.0,0.0,13.9192,100.605,93,32,13.8476,100.579
2026-04-07 04:05:35,25.9,48,28,21,181,inside,13.8463,100.568,28.9,73.0,0.0,13.9192,100.605,93,32,13.8476,100.579
2026-04-07 04:15:36,26.3,47,27,20,189,inside,13.8463,100.568,28.9,73.0,0.0,13.9192,100.605,93,32,13.8476,100.579
2026-04-07 04:25:36,26.5,49,28,21,192,inside,13.8463,100.568,28.9,73.0,0.0,13.9192,100.605,93,32,13.8476,100.579
2026-04-07 04:35:37,26.5,50,27,21,205,inside,13.8463,100.568,28.9,73.0,0.0,13.9192,100.605,99,35,13.8476,100.579
2026-04-07 04:45:37,26.4,52,26,20,203,inside,13.8463,100.568,28.9,73.0,0.0,13.9192,100.605,99,35,13.8476,100.579
2026-04-07 05:35:38,26.8,52,29,20,215,inside,13.8463,100.568,28.5,80.0,0.0,13.7069,100.568,111,43,13.8476,100.579
2026-04-07 05:45:38,26.3,52,30,21,211,inside,13.8463,100.568,28.5,80.0,0.0,13.7069,100.568,111,43,13.8476,100.579
2026-04-07 05:55:39,26.1,54,30,21,207,inside,13.8463,100.568,28.5,80.0,0.0,13.7069,100.568,111,43,13.8476,100.579
2026-04-07 06:05:39,26.1,53,30,21,208,inside,13.8463,100.568,28.5,80.0,0.0,13.7069,100.568,111,43,13.8476,100.579
2026-04-07 06:15:39,25.8,53,30,21,194,inside,13.8463,100.568,28.5,80.0,0.0,13.7069,100.568,111,43,13.8476,100.579
2026-04-07 06:28:20,26.0,52,31,21,193,inside,13.8463,100.568,28.5,80.0,0.0,13.7069,100.568,111,43,13.8476,100.579
2026-04-07 06:38:21,26.5,49,31,21,193,inside,13.8463,100.568,28.5,80.0,0.0,13.7069,100.568,116,45,13.8476,100.579
2026-04-07 06:48:21,26.4,50,31,21,206,inside,13.8463,100.568,28.5,80.0,0.0,13.7069,100.568,116,45,13.8476,100.579
2026-04-07 06:58:22,26.3,54,31,21,207,inside,13.8463,100.568,28.5,80.0,0.0,13.7069,100.568,116,45,13.8476,100.579
2026-04-07 07:08:22,26.2,55,31,23,197,inside,13.8463,100.568,28.5,80.0,0.0,13.7069,100.568,116,45,13.8476,100.579
2026-04-07 07:18:23,26.1,53,31,23,189,inside,13.8463,100.568,28.5,80.0,0.0,13.7069,100.568,116,45,13.8476,100.579
2026-04-07 07:28:23,26.1,50,32,23,188,inside,13.8463,100.568,28.5,80.0,0.0,13.7069,100.568,116,45,13.8476,100.579
2026-04-07 07:38:23,26.5,50,32,23,193,inside,13.8463,100.568,28.5,80.0,0.0,13.7069,100.568,119,46,13.8476,100.579
2026-04-07 08:08:23,26.4,56,41,27,225,inside,13.8463,100.568,28.5,80.0,0.0,13.7069,100.568,119,46,13.8476,100.579
2026-04-07 08:18:24,26.5,55,40,27,218,inside,13.8463,100.568,28.5,80.0,0.0,13.7069,100.568,119,46,13.8476,100.579
2026-04-07 08:28:24,26.0,54,41,28,231,inside,13.8463,100.568,28.5,80.0,0.0,13.7069,100.568,119,46,13.8476,100.579
2026-04-07 08:38:24,26.6,53,41,28,223,inside,13.8463,100.568,33.7,49.0,0.0,13.7069,100.568,116,45,13.8476,100.579
2026-04-07 08:48:25,27.3,55,42,29,276,inside,13.8463,100.568,33.7,49.0,0.0,13.7069,100.568,116,45,13.8476,100.579
2026-04-07 08:58:25,27.8,55,42,28,274,inside,13.8463,100.568,33.7,49.0,0.0,13.7069,100.568,116,45,13.8476,100.579
2026-04-07 09:08:25,28.1,55,42,28,270,inside,13.8463,100.568,33.7,49.0,0.0,13.7069,100.568,116,45,13.8476,100.579
2026-04-07 09:18:26,30.5,57,42,28,223,outdoor,13.8463,100.568,33.7,49.0,0.0,13.7069,100.568,116,45,13.8476,100.579
2026-04-07 09:58:27,31.3,50,42,29,176,outdoor,13.8463,100.568,33.7,49.0,0.0,13.7069,100.568,111,43,13.8476,100.579
2026-04-07 10:08:27,31.6,51,41,28,172,outdoor,13.8463,100.568,33.7,49.0,0.0,13.7069,100.568,111,43,13.8476,100.579
2026-04-07 10:18:28,31.7,49,41,28,175,outdoor,13.8463,100.568,33.7,49.0,0.0,13.7069,100.568,111,43,13.8476,100.579
2026-04-07 10:28:27,31.7,48,41,28,173,outdoor,13.8463,100.568,33.7,49.0,0.0,13.7069,100.568,111,43,13.8476,100.579
2026-04-07 10:38:27,31.9,47,42,28,167,outdoor,13.8463,100.568,33.7,49.0,0.0,13.7069,100.568,114,44,13.8476,100.579
2026-04-07 10:48:28,31.9,47,42,28,176,outdoor,13.8463,100.568,33.7,49.0,0.0,13.7069,100.568,114,44,13.8476,100.579
2026-04-07 10:58:28,32.0,46,41,28,174,outdoor,13.8463,100.568,33.7,49.0,0.0,13.7069,100.568,114,44,13.8476,100.579
2026-04-07 11:08:28,32.1,47,41,28,169,outdoor,13.8463,100.568,33.7,49.0,0.0,13.7069,100.568,114,44,13.8476,100.579
2026-04-07 11:48:30,32.3,44,49,34,176,outdoor,13.8463,100.568,37.2,45.0,0.0,13.7069,100.568,116,45,13.8476,100.579
2026-04-07 11:58:30,32.5,44,49,34,164,outdoor,13.8463,100.568,37.2,45.0,0.0,13.7069,100.568,116,45,13.8476,100.579
2026-04-07 12:08:31,32.4,44,49,34,172,outdoor,13.8463,100.568,37.2,45.0,0.0,13.7069,100.568,116,45,13.8476,100.579
2026-04-07 12:18:31,32.1,44,48,32,163,outdoor,13.8463,100.568,37.2,45.0,0.0,13.7069,100.568,116,45,13.8476,100.579
2026-04-07 12:28:31,32.8,45,48,32,173,outdoor,13.8463,100.568,37.2,45.0,0.0,13.7069,100.568,116,45,13.8476,100.579
2026-04-07 12:38:31,32.2,43,48,32,174,outdoor,13.8463,100.568,37.2,45.0,0.0,13.7069,100.568,126,50,13.8476,100.579
2026-04-07 12:48:31,32.7,44,49,33,162,outdoor,13.8463,100.568,37.2,45.0,0.0,13.7069,100.568,126,50,13.8476,100.579
2026-04-07 12:58:31,32.9,42,49,33,173,outdoor,13.8463,100.568,37.2,45.0,0.0,13.7069,100.568,126,50,13.8476,100.579
2026-04-07 13:58:34,33.0,40,48,32,161,outdoor,13.8463,100.568,37.2,45.0,0.0,13.7069,100.568,124,49,13.8476,100.579
2026-04-07 14:08:34,33.2,40,48,32,165,outdoor,13.8463,100.568,37.2,45.0,0.0,13.7069,100.568,124,49,13.8476,100.579
2026-04-07 14:18:34,33.3,40,48,32,166,outdoor,13.8463,100.568,37.2,45.0,0.0,13.7069,100.568,124,49,13.8476,100.579
2026-04-07 14:28:35,33.3,37,48,32,158,outdoor,13.8463,100.568,37.2,45.0,0.0,13.7069,100.568,124,49,13.8476,100.579
2026-04-07 14:38:35,33.2,38,47,32,155,outdoor,13.8463,100.568,36.8,50.0,0.0,13.7069,100.568,116,45,13.8476,100.579
2026-04-07 14:48:34,33.1,38,47,32,159,outdoor,13.8463,100.568,36.8,50.0,0.0,13.7069,100.568,116,45,13.8476,100.579
2026-04-07 14:58:35,32.8,39,46,32,162,outdoor,13.8463,100.568,36.8,50.0,0.0,13.7069,100.568,116,45,13.8476,100.579
2026-04-07 15:08:35,33.3,39,46,32,158,outdoor,13.8463,100.568,36.8,50.0,0.0,13.7069,100.568,116,45,13.8476,100.579
2026-04-07 16:08:37,33.4,38,45,30,158,outdoor,13.8463,100.568,36.8,50.0,0.0,13.7069,100.568,116,45,13.8476,100.579
2026-04-07 16:18:38,32.9,36,45,30,159,outdoor,13.8463,100.568,36.8,50.0,0.0,13.7069,100.568,116,45,13.8476,100.579
2026-04-07 16:28:38,32.5,39,46,30,161,outdoor,13.8463,100.568,36.8,50.0,0.0,13.7069,100.568,116,45,13.8476,100.579
2026-04-07 16:38:38,32.6,40,46,30,162,outdoor,13.8463,100.568,36.8,50.0,0.0,13.7069,100.568,109,41,13.8476,100.579
2026-04-07 16:48:39,32.7,40,46,30,159,outdoor,13.8463,100.568,36.8,50.0,0.0,13.7069,100.568,109,41,13.8476,100.579
2026-04-07 16:58:38,32.1,39,46,30,157,outdoor,13.8463,100.568,36.8,50.0,0.0,13.7069,100.568,109,41,13.8476,100.579
2026-04-07 17:08:38,32.4,39,47,30,155,outdoor,13.8463,100.568,36.8,50.0,0.0,13.7069,100.568,109,41,13.8476,100.579
2026-04-07 17:18:39,32.4,39,47,31,151,outdoor,13.8463,100.568,36.8,50.0,0.0,13.7069,100.568,109,41,13.8476,100.579
2026-04-07 17:58:40,33.1,46,49,32,188,outdoor,13.8463,100.568,31.7,64.0,0.0,13.7069,100.568,104,39,13.8476,100.579
2026-04-07 18:08:40,32.6,48,50,32,187,outdoor,13.8463,100.568,31.7,64.0,0.0,13.7069,100.568,104,39,13.8476,100.579
2026-04-07 18:18:41,32.7,49,50,32,192,outdoor,13.8463,100.568,31.7,64.0,0.0,13.7069,100.568,104,39,13.8476,100.579
2026-04-07 18:28:41,32.5,49,49,32,195,outdoor,13.8463,100.568,31.7,64.0,0.0,13.7069,100.568,104,39,13.8476,100.579
2026-04-07 18:38:42,32.5,50,49,32,199,outdoor,13.8463,100.568,31.7,64.0,0.0,13.7069,100.568,121,47,13.8476,100.579
2026-04-07 18:48:42,32.5,51,48,32,192,outdoor,13.8463,100.568,31.7,64.0,0.0,13.7069,100.568,121,47,13.8476,100.579
2026-04-07 18:58:42,32.1,52,48,32,190,outdoor,13.8463,100.568,31.7,64.0,0.0,13.7069,100.568,121,47,13.8476,100.579
2026-04-07 19:08:42,32.2,52,48,32,192,outdoor,13.8463,100.568,31.7,64.0,0.0,13.7069,100.568,121,47,13.8476,100.579
2026-04-07 19:58:43,31.9,50,52,36,186,outdoor,13.8463,100.568,31.7,64.0,0.0,13.7069,100.568,124,48,13.8476,100.579
2026-04-07 20:08:44,32.0,50,51,36,183,outdoor,13.8463,100.568,31.7,64.0,0.0,13.7069,100.568,124,48,13.8476,100.579
2026-04-07 20:18:44,32.6,50,51,36,191,outdoor,13.8463,100.568,31.7,64.0,0.0,13.7069,100.568,124,48,13.8476,100.579
2026-04-07 20:28:44,33.4,49,52,36,188,outdoor,13.8463,100.568,31.7,64.0,0.0,13.7069,100.568,124,48,13.8476,100.579
2026-04-07 20:38:45,32.7,46,52,36,182,outdoor,13.8463,100.568,31.0,80.0,0.0,13.7264,100.56,129,51,13.8476,100.579
2026-04-07 20:48:45,32.1,42,53,36,195,outdoor,13.8463,100.568,31.0,80.0,0.0,13.7264,100.56,129,51,13.8476,100.579
2026-04-07 20:58:45,31.4,46,53,36,197,outdoor,13.8463,100.568,31.0,80.0,0.0,13.7264,100.56,129,51,13.8476,100.579
2026-04-07 21:08:46,32.2,49,53,36,185,outdoor,13.8463,100.568,31.0,80.0,0.0,13.7264,100.56,129,51,13.8476,100.579
2026-04-07 22:28:48,31.7,60,43,30,193,outdoor,13.8463,100.568,31.0,80.0,0.0,13.7264,100.56,129,51,13.8476,100.579
2026-04-07 22:38:48,31.4,64,44,30,190,outdoor,13.8463,100.568,31.0,80.0,0.0,13.7264,100.56,111,43,13.8476,100.579
2026-04-07 22:48:48,31.3,62,43,30,191,outdoor,13.8463,100.568,31.0,80.0,0.0,13.7264,100.56,111,43,13.8476,100.579
2026-04-07 22:58:49,29.5,59,44,30,172,outdoor,13.8463,100.568,31.0,80.0,0.0,13.7264,100.56,111,43,13.8476,100.579
2026-04-07 23:08:49,27.8,44,43,29,150,outdoor,13.8463,100.568,31.0,80.0,0.0,13.7264,100.56,111,43,13.8476,100.579
2026-04-07 23:18:49,27.6,39,43,29,143,outdoor,13.8463,100.568,31.0,80.0,0.0,13.7264,100.56,111,43,13.8476,100.579
2026-04-07 23:28:50,26.5,35,43,30,179,inside,13.8463,100.568,31.0,80.0,0.0,13.7264,100.56,111,43,13.8476,100.579
2026-04-07 23:38:49,26.0,35,43,30,150,inside,13.8463,100.568,29.7,84.0,0.0,13.7264,100.56,99,35,13.8476,100.579
2026-04-08 00:18:51,26.0,41,31,24,163,inside,13.8463,100.568,29.7,84.0,0.0,13.7264,100.56,99,35,13.8476,100.579
2026-04-08 00:28:51,26.4,44,31,24,159,inside,13.8463,100.568,29.7,84.0,0.0,13.7264,100.56,99,35,13.8476,100.579
2026-04-08 00:38:51,26.0,43,31,24,173,inside,13.8463,100.568,29.7,84.0,0.0,13.7264,100.56,97,34,13.8476,100.579
2026-04-08 00:48:52,26.0,45,31,24,174,inside,13.8463,100.568,29.7,84.0,0.0,13.7264,100.56,97,34,13.8476,100.579
2026-04-08 00:58:52,26.3,44,33,24,174,inside,13.8463,100.568,29.7,84.0,0.0,13.7264,100.56,97,34,13.8476,100.579
2026-04-08 01:08:52,26.1,46,33,24,181,inside,13.8463,100.568,29.7,84.0,0.0,13.7264,100.56,97,34,13.8476,100.579
2026-04-08 01:18:53,26.5,48,31,24,189,inside,13.8463,100.568,29.7,84.0,0.0,13.7264,100.56,97,34,13.8476,100.579
2026-04-08 01:28:53,26.3,50,31,24,188,inside,13.8463,100.568,29.7,84.0,0.0,13.7264,100.56,97,34,13.8476,100.579
2026-04-08 02:08:54,26.5,50,31,21,192,inside,13.8463,100.568,29.7,84.0,0.0,13.7264,100.56,97,35,13.8476,100.579
2026-04-08 02:18:54,25.9,52,31,21,178,inside,13.8463,100.568,29.7,84.0,0.0,13.7264,100.56,97,35,13.8476,100.579
2026-04-08 02:28:54,26.5,47,31,21,184,inside,13.8463,100.568,29.7,84.0,0.0,13.7264,100.56,97,35,13.8476,100.579
2026-04-08 02:38:55,26.5,49,31,21,181,inside,13.8463,100.568,29.1,88.0,0.0,13.7264,100.56,97,34,13.8476,100.579
2026-04-08 02:48:55,26.4,54,30,21,189,inside,13.8463,100.568,29.1,88.0,0.0,13.7264,100.56,97,34,13.8476,100.579
2026-04-08 02:58:55,26.3,53,30,21,176,inside,13.8463,100.568,29.1,88.0,0.0,13.7264,100.56,97,34,13.8476,100.579
2026-04-08 03:08:56,26.1,51,30,21,181,inside,13.8463,100.568,29.1,88.0,0.0,13.7264,100.56,97,34,13.8476,100.579
2026-04-08 03:18:56,26.0,49,30,21,176,inside,13.8463,100.568,29.1,88.0,0.0,13.7264,100.56,97,34,13.8476,100.579
2026-04-08 03:48:56,26.6,53,30,22,182,inside,13.8463,100.568,29.1,88.0,0.0,13.7264,100.56,97,34,13.8476,100.579
2026-04-08 03:58:57,26.4,51,30,22,179,inside,13.8463,100.568,29.1,88.0,0.0,13.7264,100.56,97,34,13.8476,100.579
2026-04-08 04:08:57,26.3,49,30,22,181,inside,13.8463,100.568,29.1,88.0,0.0,13.7264,100.56,97,34,13.8476,100.579
2026-04-08 04:18:57,26.5,49,30,22,176,inside,13.8463,100.568,29.1,88.0,0.0,13.7264,100.56,97,34,13.8476,100.579
2026-04-08 04:28:58,26.5,53,30,22,195,inside,13.8463,100.568,29.1,88.0,0.0,13.7264,100.56,97,34,13.8476,100.579
2026-04-08 04:38:58,26.9,56,30,22,183,inside,13.8463,100.568,29.1,88.0,0.0,13.7264,100.56,97,34,13.8476,100.579
2026-04-08 04:48:58,25.9,54,30,22,186,inside,13.8463,100.568,29.1,88.0,0.0,13.7264,100.56,97,34,13.8476,100.579
2026-04-08 04:58:59,26.2,51,29,20,177,inside,13.8463,100.568,29.1,88.0,0.0,13.7264,100.56,97,34,13.8476,100.579
2026-04-08 05:39:00,26.1,55,28,19,196,inside,13.8463,100.568,29.3,79.0,0.0,13.7069,100.568,97,34,13.8476,100.579
2026-04-08 05:49:01,26.3,49,28,19,189,inside,13.8463,100.568,29.3,79.0,0.0,13.7069,100.568,97,34,13.8476,100.579
2026-04-08 05:59:00,26.4,51,28,19,186,inside,13.8463,100.568,29.3,79.0,0.0,13.7069,100.568,97,34,13.8476,100.579
2026-04-08 06:09:00,26.2,55,28,19,185,inside,13.8463,100.568,29.3,79.0,0.0,13.7069,100.568,97,34,13.8476,100.579
2026-04-08 06:19:01,26.3,58,29,19,186,inside,13.8463,100.568,29.3,79.0,0.0,13.7069,100.568,97,34,13.8476,100.579
2026-04-08 06:29:01,26.0,55,29,19,189,inside,13.8463,100.568,29.3,79.0,0.0,13.7069,100.568,97,34,13.8476,100.579
2026-04-08 06:39:01,26.2,52,28,19,182,inside,13.8463,100.568,29.3,79.0,0.0,13.7069,100.568,99,35,13.8476,100.579
2026-04-08 06:49:02,26.9,50,28,19,192,inside,13.8463,100.568,29.3,79.0,0.0,13.7069,100.568,99,35,13.8476,100.579
2026-04-08 07:19:02,30.1,60,32,22,215,outdoor,13.8463,100.568,29.3,79.0,0.0,13.7069,100.568,99,35,13.8476,100.579
2026-04-08 07:29:03,30.5,71,33,22,221,outdoor,13.8463,100.568,29.3,79.0,0.0,13.7069,100.568,99,35,13.8476,100.579
2026-04-08 07:39:03,30.4,69,33,22,193,outdoor,13.8463,100.568,29.3,79.0,0.0,13.7069,100.568,106,39,13.8476,100.579
2026-04-08 07:49:03,30.1,70,31,21,208,outdoor,13.8463,100.568,29.3,79.0,0.0,13.7069,100.568,106,39,13.8476,100.579
2026-04-08 07:59:04,30.7,70,31,21,208,outdoor,13.8463,100.568,29.3,79.0,0.0,13.7069,100.568,106,39,13.8476,100.579
2026-04-08 08:09:04,30.6,69,30,20,207,outdoor,13.8463,100.568,29.3,79.0,0.0,13.7069,100.568,106,39,13.8476,100.579
2026-04-08 08:19:04,30.7,68,30,20,208,outdoor,13.8463,100.568,29.3,79.0,0.0,13.7069,100.568,106,39,13.8476,100.579
2026-04-08 08:29:05,30.7,67,30,20,205,outdoor,13.8463,100.568,29.3,79.0,0.0,13.7069,100.568,106,39,13.8476,100.579
2026-04-08 15:35:30,35.1,43,44,30,191,outdoor,13.8463,100.568,36.1,51.0,0.0,13.7069,100.568,126,49,13.8476,100.579
2026-04-08 15:45:30,34.9,43,44,30,190,outdoor,13.8463,100.568,36.1,51.0,0.0,13.7069,100.568,126,49,13.8476,100.579
2026-04-08 15:55:30,34.6,43,44,30,189,outdoor,13.8463,100.568,36.1,51.0,0.0,13.7069,100.568,126,49,13.8476,100.579
2026-04-08 16:05:31,35.1,42,47,32,182,outdoor,13.8463,100.568,36.1,51.0,0.0,13.7069,100.568,126,49,13.8476,100.579
2026-04-08 16:15:31,33.4,41,47,33,175,outdoor,13.8463,100.568,36.1,51.0,0.0,13.7069,100.568,126,49,13.8476,100.579
2026-04-08 16:25:31,33.3,42,48,33,163,outdoor,13.8463,100.568,36.1,51.0,0.0,13.7069,100.568,126,49,13.8476,100.579
2026-04-08 16:35:32,32.8,41,47,32,173,outdoor,13.8463,100.568,36.1,51.0,0.0,13.7069,100.568,114,45,13.8476,100.579
2026-04-08 16:45:32,33.4,40,46,32,175,outdoor,13.8463,100.568,36.1,51.0,0.0,13.7069,100.568,114,45,13.8476,100.579
2026-04-08 17:15:32,33.2,41,45,29,180,outdoor,13.8463,100.568,36.1,51.0,0.0,13.7069,100.568,114,45,13.8476,100.579
2026-04-08 17:25:33,33.6,42,45,29,179,outdoor,13.8463,100.568,36.1,51.0,0.0,13.7069,100.568,114,45,13.8476,100.579
2026-04-08 17:35:33,33.7,38,45,29,178,outdoor,13.8463,100.568,31.3,68.0,0.0,13.7069,100.568,111,43,13.8476,100.579
2026-04-08 17:45:33,33.4,39,46,29,195,outdoor,13.8463,100.568,31.3,68.0,0.0,13.7069,100.568,111,43,13.8476,100.579
2026-04-08 17:55:33,33.4,43,46,29,189,outdoor,13.8463,100.568,31.3,68.0,0.0,13.7069,100.568,111,43,13.8476,100.579
2026-04-08 18:05:34,33.7,42,46,29,191,outdoor,13.8463,100.568,31.3,68.0,0.0,13.7069,100.568,111,43,13.8476,100.579
2026-04-08 18:15:34,33.4,43,46,29,192,outdoor,13.8463,100.568,31.3,68.0,0.0,13.7069,100.568,111,43,13.8476,100.579
2026-04-08 18:25:34,33.4,44,45,30,185,outdoor,13.8463,100.568,31.3,68.0,0.0,13.7069,100.568,111,43,13.8476,100.579
2026-04-08 18:55:35,31.8,45,45,29,188,outdoor,13.8463,100.568,31.3,68.0,0.0,13.7069,100.568,116,45,13.8476,100.579
2026-04-08 19:05:36,31.8,48,45,30,181,outdoor,13.8463,100.568,31.3,68.0,0.0,13.7069,100.568,116,45,13.8476,100.579
2026-04-08 19:15:36,31.7,47,45,30,180,outdoor,13.8463,100.568,31.3,68.0,0.0,13.7069,100.568,116,45,13.8476,100.579
2026-04-08 19:25:36,31.5,49,44,29,193,outdoor,13.8463,100.568,31.3,68.0,0.0,13.7069,100.568,116,45,13.8476,100.579
2026-04-08 19:35:36,31.6,49,44,29,176,outdoor,13.8463,100.568,31.3,68.0,0.0,13.7069,100.568,111,43,13.8476,100.579
2026-04-08 19:45:36,32.2,49,43,29,179,outdoor,13.8463,100.568,31.3,68.0,0.0,13.7069,100.568,111,43,13.8476,100.579
2026-04-08 19:55:37,32.3,49,43,29,180,outdoor,13.8463,100.568,31.3,68.0,0.0,13.7069,100.568,111,43,13.8476,100.579
2026-04-08 20:05:37,32.2,48,43,29,193,outdoor,13.8463,100.568,31.3,68.0,0.0,13.7069,100.568,111,43,13.8476,100.579
2026-04-08 21:05:39,31.2,46,41,27,178,outdoor,13.8463,100.568,29.9,78.0,0.0,13.7264,100.56,109,41,13.8476,100.579
2026-04-08 21:15:39,31.3,50,41,27,178,outdoor,13.8463,100.568,29.9,78.0,0.0,13.7264,100.56,109,41,13.8476,100.579
2026-04-08 21:25:40,31.3,51,43,27,174,outdoor,13.8463,100.568,29.9,78.0,0.0,13.7264,100.56,109,41,13.8476,100.579
2026-04-08 21:35:40,31.9,51,42,26,188,outdoor,13.8463,100.568,29.9,78.0,0.0,13.7264,100.56,109,41,13.8476,100.579
2026-04-08 21:45:40,32.2,52,43,26,179,outdoor,13.8463,100.568,29.9,78.0,0.0,13.7264,100.56,109,41,13.8476,100.579
2026-04-08 21:55:40,32.4,49,43,27,176,outdoor,13.8463,100.568,29.9,78.0,0.0,13.7264,100.56,109,41,13.8476,100.579
2026-04-08 22:05:40,32.9,48,44,26,185,outdoor,13.8463,100.568,29.9,78.0,0.0,13.7264,100.56,109,41,13.8476,100.579
2026-04-08 22:15:41,32.1,48,44,27,188,outdoor,13.8463,100.568,29.9,78.0,0.0,13.7264,100.56,109,41,13.8476,100.579
2026-04-08 23:55:19,26.8,35,35,24,161,inside,13.8463,100.568,29.1,83.0,0.0,13.7264,100.56,119,46,13.8476,100.579
2026-04-09 00:05:20,26.7,38,35,24,173,inside,13.8463,100.568,29.1,83.0,0.0,13.7264,100.56,119,46,13.8476,100.579
2026-04-09 00:15:20,26.8,42,35,24,171,inside,13.8463,100.568,29.1,83.0,0.0,13.7264,100.56,119,46,13.8476,100.579
2026-04-09 00:25:20,27.2,42,38,27,176,inside,13.8463,100.568,29.1,83.0,0.0,13.7264,100.56,119,46,13.8476,100.579
2026-04-09 00:35:21,26.5,42,37,27,170,inside,13.8463,100.568,29.1,83.0,0.0,13.7264,100.56,114,44,13.8476,100.579
2026-04-09 00:45:21,25.6,39,38,27,176,inside,13.8463,100.568,29.1,83.0,0.0,13.7264,100.56,114,44,13.8476,100.579
2026-04-09 00:55:21,25.6,47,38,27,187,inside,13.8463,100.568,29.1,83.0,0.0,13.7264,100.56,114,44,13.8476,100.579
2026-04-09 01:05:22,25.4,43,37,27,306,inside,13.8463,100.568,29.1,83.0,0.0,13.7264,100.56,114,44,13.8476,100.579
2026-04-09 01:55:22,26.6,56,38,26,230,inside,13.8463,100.568,29.1,83.0,0.0,13.7264,100.56,111,43,13.8476,100.579
2026-04-09 02:05:23,26.6,59,38,26,233,inside,13.8463,100.568,29.1,83.0,0.0,13.7264,100.56,111,43,13.8476,100.579
2026-04-09 02:15:23,26.5,59,38,26,231,inside,13.8463,100.568,29.1,83.0,0.0,13.7264,100.56,111,43,13.8476,100.579
2026-04-09 02:25:23,26.2,59,38,26,214,inside,13.8463,100.568,29.1,83.0,0.0,13.7264,100.56,111,43,13.8476,100.579
2026-04-09 02:35:24,26.0,57,38,26,214,inside,13.8463,100.568,28.5,88.0,0.0,13.7264,100.56,106,39,13.8476,100.579
2026-04-09 02:45:24,26.2,56,38,26,203,inside,13.8463,100.568,28.5,88.0,0.0,13.7264,100.56,106,39,13.8476,100.579
2026-04-09 02:55:25,26.4,57,38,26,202,inside,13.8463,100.568,28.5,88.0,0.0,13.7264,100.56,106,39,13.8476,100.579
2026-04-09 03:05:25,26.5,57,39,26,194,inside,13.8463,100.568,28.5,88.0,0.0,13.7264,100.56,106,39,13.8476,100.579
2026-04-09 03:35:26,26.2,55,36,26,196,inside,13.8463,100.568,28.5,88.0,0.0,13.7264,100.56,104,38,13.8476,100.579
2026-04-09 03:45:25,26.3,56,36,26,190,inside,13.8463,100.568,28.5,88.0,0.0,13.7264,100.56,104,38,13.8476,100.579
2026-04-09 03:55:26,26.4,57,36,26,192,inside,13.8463,100.568,28.5,88.0,0.0,13.7264,100.56,104,38,13.8476,100.579
2026-04-09 04:05:26,25.9,56,36,26,186,inside,13.8463,100.568,28.5,88.0,0.0,13.7264,100.56,104,38,13.8476,100.579
2026-04-09 04:15:26,26.2,54,35,25,197,inside,13.8463,100.568,28.5,88.0,0.0,13.7264,100.56,104,38,13.8476,100.579
2026-04-09 04:25:27,26.5,57,36,25,204,inside,13.8463,100.568,28.5,88.0,0.0,13.7264,100.56,104,38,13.8476,100.579
2026-04-09 04:35:27,26.2,59,35,24,183,inside,13.8463,100.568,28.5,88.0,0.0,13.7264,100.56,101,38,13.8476,100.579
2026-04-09 04:45:27,26.2,56,33,24,196,inside,13.8463,100.568,28.5,88.0,0.0,13.7264,100.56,101,38,13.8476,100.579
2026-04-09 05:15:29,26.3,59,33,23,209,inside,13.8463,100.568,28.5,88.0,0.0,13.7264,100.56,101,38,13.8476,100.579
2026-04-09 05:25:29,26.6,59,33,23,209,inside,13.8463,100.568,28.5,88.0,0.0,13.7264,100.56,101,38,13.8476,100.579
2026-04-09 05:35:29,26.6,62,32,21,206,inside,13.8463,100.568,28.8,81.0,0.0,13.7069,100.568,111,42,13.8476,100.579
2026-04-09 05:45:29,26.6,61,32,21,207,inside,13.8463,100.568,28.8,81.0,0.0,13.7069,100.568,111,42,13.8476,100.579
2026-04-09 05:55:29,26.5,59,33,21,206,inside,13.8463,100.568,28.8,81.0,0.0,13.7069,100.568,111,42,13.8476,100.579
2026-04-09 06:05:29,26.5,63,33,21,207,inside,13.8463,100.568,28.8,81.0,0.0,13.7069,100.568,111,42,13.8476,100.579
2026-04-09 06:15:30,26.4,64,33,21,208,inside,13.8463,100.568,28.8,81.0,0.0,13.7069,100.568,111,42,13.8476,100.579
2026-04-09 06:25:30,26.6,62,33,21,221,inside,13.8463,100.568,28.8,81.0,0.0,13.7069,100.568,111,42,13.8476,100.579
2026-04-09 07:15:32,26.5,63,36,22,240,inside,13.8463,100.568,28.8,81.0,0.0,13.7069,100.568,111,43,13.8476,100.579
2026-04-09 07:25:32,26.4,63,36,23,234,inside,13.8463,100.568,28.8,81.0,0.0,13.7069,100.568,111,43,13.8476,100.579
2026-04-09 07:35:33,26.3,62,36,23,227,inside,13.8463,100.568,28.8,81.0,0.0,13.7069,100.568,114,44,13.8476,100.579
2026-04-09 07:45:32,26.2,62,36,23,217,inside,13.8463,100.568,28.8,81.0,0.0,13.7069,100.568,114,44,13.8476,100.579
2026-04-09 07:55:32,26.2,58,36,23,237,inside,13.8463,100.568,28.8,81.0,0.0,13.7069,100.568,114,44,13.8476,100.579
2026-04-09 08:05:33,26.3,59,36,23,240,inside,13.8463,100.568,28.8,81.0,0.0,13.7069,100.568,114,44,13.8476,100.579
2026-04-09 08:15:33,26.3,60,36,24,260,inside,13.8463,100.568,28.8,81.0,0.0,13.7069,100.568,114,44,13.8476,100.579
2026-04-09 08:25:33,26.0,59,37,24,243,inside,13.8463,100.568,28.8,81.0,0.0,13.7069,100.568,114,44,13.8476,100.579
